date,title,text,score,upvote_ratio,num_comments,subreddit,keyword,source,sentiment_score,sentiment_category
2023-01-14,Discussion: inflation trends,What do you think about inflation?,42,0.6839703756510422,10,investing,inflation,Reddit (Sample),0.0,neutral
2025-01-24,Thoughts on inflation?,Your thoughts on inflation?,47,0.6841547652534241,3,investing,inflation,Reddit (Sample),0.0,neutral
2023-01-20,Analysis of inflation performance,Interesting developments in inflation.,15,0.6957628490889147,20,investing,inflation,Reddit (Sample),0.0,neutral
2025-04-01,Market update: inflation,What do you think about inflation?,27,0.5834425589274355,44,investing,inflation,Reddit (Sample),0.0,neutral
2023-01-20,Discussion: inflation trends,Analysis of inflation market conditions.,82,0.8211627629526137,23,investing,inflation,Reddit (Sample),0.0,neutral
2023-12-02,Analysis of recession performance,Analysis of recession market conditions.,-7,0.5264019802342641,23,investing,recession,Reddit (Sample),0.0,neutral
2023-06-11,Analysis of recession performance,Interesting developments in recession.,20,0.511466405634021,18,investing,recession,Reddit (Sample),0.0,neutral
2025-03-27,Thoughts on recession?,Your thoughts on recession?,65,0.8924484885557338,37,investing,recession,Reddit (Sample),0.0,neutral
2023-04-27,recession - what's your take?,Interesting developments in recession.,37,0.6867312980720868,29,investing,recession,Reddit (Sample),0.0,neutral
2023-07-02,Discussion: recession trends,Looking at the recent recession data...,7,0.6857110009365228,48,investing,recession,Reddit (Sample),0.0,neutral
2025-02-01,recession - what's your take?,Interesting developments in recession.,36,0.9991737556964748,44,investing,recession,Reddit (Sample),0.0,neutral
2023-06-10,Discussion: recession trends,Analysis of recession market conditions.,9,0.892825809040116,26,investing,recession,Reddit (Sample),0.0,neutral
2024-02-03,recession - what's your take?,Interesting developments in recession.,92,0.7859361356135932,15,investing,recession,Reddit (Sample),0.0,neutral
2025-04-16,Discussion: recession trends,Analysis of recession market conditions.,50,0.9898233575169417,2,investing,recession,Reddit (Sample),0.0,neutral
2024-09-10,Discussion: interest rates trends,Your thoughts on interest rates?,59,0.7590393831194078,44,investing,interest rates,Reddit (Sample),0.0,neutral
2024-07-16,Market update: interest rates,Interesting developments in interest rates.,31,0.9263640099378556,25,investing,interest rates,Reddit (Sample),0.0,neutral
2024-08-03,Market update: interest rates,Your thoughts on interest rates?,73,0.9013216548978552,9,investing,interest rates,Reddit (Sample),0.0,neutral
2024-12-04,Market update: interest rates,Analysis of interest rates market conditions.,59,0.8155853229783532,38,investing,interest rates,Reddit (Sample),0.0,neutral
2023-10-22,Analysis of interest rates performance,Interesting developments in interest rates.,-10,0.8901065317150512,35,investing,interest rates,Reddit (Sample),0.0,neutral
2025-04-17,Discussion: interest rates trends,Analysis of interest rates market conditions.,97,0.5676770411388428,30,investing,interest rates,Reddit (Sample),0.0,neutral
2024-08-18,Discussion: interest rates trends,Analysis of interest rates market conditions.,74,0.5344790081782106,43,investing,interest rates,Reddit (Sample),0.0,neutral
2024-09-09,interest rates - what's your take?,Interesting developments in interest rates.,44,0.9531272902605183,9,investing,interest rates,Reddit (Sample),0.0,neutral
2025-04-27,Analysis of interest rates performance,Looking at the recent interest rates data...,66,0.6340695100477567,8,investing,interest rates,Reddit (Sample),0.0,neutral
2025-03-23,interest rates - what's your take?,Interesting developments in interest rates.,73,0.8098497200997079,42,investing,interest rates,Reddit (Sample),0.0,neutral
2024-03-16,Market update: interest rates,Analysis of interest rates market conditions.,39,0.7055478013003533,6,investing,interest rates,Reddit (Sample),0.0,neutral
2023-03-11,Analysis of interest rates performance,Interesting developments in interest rates.,9,0.5639941042667932,47,investing,interest rates,Reddit (Sample),0.0,neutral
2023-07-18,Market update: interest rates,What do you think about interest rates?,15,0.7093966595370806,13,investing,interest rates,Reddit (Sample),0.0,neutral
2023-11-09,Market update: interest rates,What do you think about interest rates?,10,0.6282650312221238,2,investing,interest rates,Reddit (Sample),0.0,neutral
2024-08-21,Analysis of interest rates performance,Your thoughts on interest rates?,77,0.6691315526661742,24,investing,interest rates,Reddit (Sample),0.0,neutral
2025-05-02,interest rates - what's your take?,Looking at the recent interest rates data...,50,0.5570478924439667,49,investing,interest rates,Reddit (Sample),0.0,neutral
2024-09-20,interest rates - what's your take?,What do you think about interest rates?,60,0.8418770527885213,32,investing,interest rates,Reddit (Sample),0.0,neutral
2024-10-25,Market update: oil prices,Your thoughts on oil prices?,87,0.7019889381632741,42,investing,oil prices,Reddit (Sample),0.0,neutral
2024-11-11,Discussion: oil prices trends,Looking at the recent oil prices data...,87,0.5408626728733892,5,investing,oil prices,Reddit (Sample),0.0,neutral
2024-09-01,Discussion: oil prices trends,What do you think about oil prices?,74,0.5704798137608846,21,investing,oil prices,Reddit (Sample),0.0,neutral
2023-04-22,Discussion: oil prices trends,What do you think about oil prices?,63,0.7311477805003036,47,investing,oil prices,Reddit (Sample),0.0,neutral
2024-03-10,Market update: oil prices,Analysis of oil prices market conditions.,77,0.8934850674588332,37,investing,oil prices,Reddit (Sample),0.0,neutral
2024-07-24,Analysis of unemployment performance,Interesting developments in unemployment.,53,0.896994858184003,48,investing,unemployment,Reddit (Sample),0.0,neutral
2023-02-01,Market update: unemployment,Analysis of unemployment market conditions.,15,0.6651075324357487,45,investing,unemployment,Reddit (Sample),0.0,neutral
2025-06-02,Market update: unemployment,Analysis of unemployment market conditions.,81,0.6277466723278023,40,investing,unemployment,Reddit (Sample),0.0,neutral
2024-11-10,Analysis of unemployment performance,Analysis of unemployment market conditions.,15,0.7789903693913199,1,investing,unemployment,Reddit (Sample),0.0,neutral
2025-01-29,Thoughts on unemployment?,Analysis of unemployment market conditions.,86,0.6953641828068067,34,investing,unemployment,Reddit (Sample),0.0,neutral
2025-02-12,unemployment - what's your take?,Looking at the recent unemployment data...,39,0.5467039859876478,4,investing,unemployment,Reddit (Sample),0.0,neutral
2023-11-03,Thoughts on unemployment?,Analysis of unemployment market conditions.,63,0.5470180522171332,27,investing,unemployment,Reddit (Sample),0.0,neutral
2023-10-24,unemployment - what's your take?,Your thoughts on unemployment?,74,0.6561745509427568,8,investing,unemployment,Reddit (Sample),0.0,neutral
2024-07-12,Analysis of unemployment performance,What do you think about unemployment?,49,0.8479495590844013,11,investing,unemployment,Reddit (Sample),0.0,neutral
2024-01-21,Thoughts on unemployment?,Your thoughts on unemployment?,-8,0.9485931704823094,42,investing,unemployment,Reddit (Sample),0.0,neutral
2023-02-09,Discussion: unemployment trends,Analysis of unemployment market conditions.,-10,0.5166918008931907,7,investing,unemployment,Reddit (Sample),0.0,neutral
2024-09-04,unemployment - what's your take?,Interesting developments in unemployment.,90,0.7201617091841745,5,investing,unemployment,Reddit (Sample),0.0,neutral
2024-01-01,Thoughts on unemployment?,Looking at the recent unemployment data...,1,0.8698651660427703,15,investing,unemployment,Reddit (Sample),0.0,neutral
2023-05-09,Market update: unemployment,Your thoughts on unemployment?,10,0.8625927740136954,33,investing,unemployment,Reddit (Sample),0.0,neutral
2023-09-17,unemployment - what's your take?,What do you think about unemployment?,84,0.8280670090102904,26,investing,unemployment,Reddit (Sample),0.0,neutral
2025-04-16,Discussion: unemployment trends,Interesting developments in unemployment.,86,0.5146820795511962,19,investing,unemployment,Reddit (Sample),0.0,neutral
2024-10-27,Market update: stock market,Interesting developments in stock market.,50,0.6684202509305517,8,investing,stock market,Reddit (Sample),0.0,neutral
2024-01-07,Analysis of stock market performance,Interesting developments in stock market.,49,0.6571750565918741,10,investing,stock market,Reddit (Sample),0.0,neutral
2024-03-25,stock market - what's your take?,Analysis of stock market market conditions.,62,0.678899132662721,33,investing,stock market,Reddit (Sample),0.0,neutral
2023-05-11,stock market - what's your take?,Analysis of stock market market conditions.,19,0.586880796567872,20,investing,stock market,Reddit (Sample),0.0,neutral
2023-06-05,Analysis of stock market performance,Looking at the recent stock market data...,74,0.7100593639238625,33,investing,stock market,Reddit (Sample),0.0,neutral
2023-02-10,Thoughts on stock market?,What do you think about stock market?,47,0.8068887094078495,22,investing,stock market,Reddit (Sample),0.0,neutral
2023-09-30,Market update: economy,Analysis of economy market conditions.,0,0.9218686632033621,26,investing,economy,Reddit (Sample),0.0,neutral
2023-10-16,economy - what's your take?,Your thoughts on economy?,5,0.5531718631278872,34,investing,economy,Reddit (Sample),0.0,neutral
2023-09-05,economy - what's your take?,Looking at the recent economy data...,9,0.6135897785117574,7,investing,economy,Reddit (Sample),0.0,neutral
2025-01-28,Thoughts on economy?,Analysis of economy market conditions.,47,0.7563273765725265,37,investing,economy,Reddit (Sample),0.0,neutral
2023-05-23,Market update: economy,Interesting developments in economy.,46,0.6519732006203619,45,investing,economy,Reddit (Sample),0.0,neutral
2024-10-15,economy - what's your take?,Analysis of economy market conditions.,6,0.8830323882676513,34,investing,economy,Reddit (Sample),0.0,neutral
2025-02-02,Market update: economy,What do you think about economy?,86,0.9371133620691758,26,investing,economy,Reddit (Sample),0.0,neutral
2024-02-11,Thoughts on economy?,Interesting developments in economy.,87,0.7235277719032127,37,investing,economy,Reddit (Sample),0.0,neutral
2023-05-22,economy - what's your take?,Your thoughts on economy?,61,0.5644243560001274,18,investing,economy,Reddit (Sample),0.0,neutral
2024-06-25,Thoughts on economy?,Analysis of economy market conditions.,14,0.7107220207896237,13,investing,economy,Reddit (Sample),0.0,neutral
2024-09-05,Discussion: GDP trends,Interesting developments in GDP.,99,0.9553850808219576,41,investing,GDP,Reddit (Sample),0.0,neutral
2023-10-02,Discussion: GDP trends,Analysis of GDP market conditions.,73,0.9908993466303138,13,investing,GDP,Reddit (Sample),0.0,neutral
2023-03-04,Discussion: GDP trends,Interesting developments in GDP.,8,0.936376919783064,13,investing,GDP,Reddit (Sample),0.0,neutral
2023-04-30,Market update: GDP,Your thoughts on GDP?,25,0.5482672350977205,29,investing,GDP,Reddit (Sample),0.0,neutral
2023-09-22,Discussion: GDP trends,Analysis of GDP market conditions.,78,0.9122674040435161,34,investing,GDP,Reddit (Sample),0.0,neutral
2023-11-30,Discussion: GDP trends,Analysis of GDP market conditions.,57,0.9386197285811002,1,investing,GDP,Reddit (Sample),0.0,neutral
2025-05-22,Market update: GDP,Looking at the recent GDP data...,44,0.7656582602840296,48,investing,GDP,Reddit (Sample),0.0,neutral
2024-03-07,GDP - what's your take?,Interesting developments in GDP.,0,0.997718758095655,49,investing,GDP,Reddit (Sample),0.0,neutral
2024-04-13,Market update: GDP,Your thoughts on GDP?,37,0.9156867571928549,2,investing,GDP,Reddit (Sample),0.0,neutral
2024-11-14,Discussion: GDP trends,Your thoughts on GDP?,62,0.9548134097182962,3,investing,GDP,Reddit (Sample),0.0,neutral
2023-02-04,Discussion: GDP trends,What do you think about GDP?,77,0.9779122418603761,7,investing,GDP,Reddit (Sample),0.0,neutral
2023-10-28,GDP - what's your take?,Analysis of GDP market conditions.,35,0.8869398278650782,40,investing,GDP,Reddit (Sample),0.0,neutral
2024-10-20,Analysis of GDP performance,Analysis of GDP market conditions.,82,0.5852909557785451,20,investing,GDP,Reddit (Sample),0.0,neutral
2025-03-29,GDP - what's your take?,Looking at the recent GDP data...,18,0.8198027805888409,6,investing,GDP,Reddit (Sample),0.0,neutral
2024-06-23,employment - what's your take?,Analysis of employment market conditions.,34,0.9853831032373914,43,investing,employment,Reddit (Sample),0.0,neutral
2023-07-13,Analysis of employment performance,Interesting developments in employment.,44,0.9919201564277189,7,investing,employment,Reddit (Sample),0.0,neutral
2023-03-28,Discussion: employment trends,What do you think about employment?,6,0.5198829824942848,5,investing,employment,Reddit (Sample),0.0,neutral
2024-12-30,Thoughts on employment?,Interesting developments in employment.,95,0.9857663454505253,28,investing,employment,Reddit (Sample),0.0,neutral
2024-09-12,Discussion: employment trends,Interesting developments in employment.,29,0.7348718814953419,47,investing,employment,Reddit (Sample),0.0,neutral
2025-01-18,employment - what's your take?,Looking at the recent employment data...,2,0.7685037441756792,48,investing,employment,Reddit (Sample),0.0,neutral
2023-10-29,Discussion: employment trends,Interesting developments in employment.,9,0.5540128770653456,25,investing,employment,Reddit (Sample),0.0,neutral
2025-03-17,Market update: employment,Your thoughts on employment?,38,0.6092549171770651,41,investing,employment,Reddit (Sample),0.0,neutral
2023-12-29,Discussion: employment trends,Looking at the recent employment data...,77,0.5435463833978857,40,investing,employment,Reddit (Sample),0.0,neutral
2024-06-12,Market update: employment,Interesting developments in employment.,48,0.7537059693589044,40,investing,employment,Reddit (Sample),0.0,neutral
2024-07-04,Market update: employment,Interesting developments in employment.,99,0.9964084194995352,12,investing,employment,Reddit (Sample),0.0,neutral
2023-05-07,Market update: employment,Looking at the recent employment data...,29,0.7109140892694157,11,investing,employment,Reddit (Sample),0.0,neutral
2024-08-06,Market update: employment,Your thoughts on employment?,98,0.8039526070453519,47,investing,employment,Reddit (Sample),0.0,neutral
2023-10-28,Analysis of employment performance,Analysis of employment market conditions.,58,0.5007825525957365,26,investing,employment,Reddit (Sample),0.0,neutral
2023-06-23,Market update: employment,Looking at the recent employment data...,36,0.9357988636441152,17,investing,employment,Reddit (Sample),0.0,neutral
2023-11-20,Discussion: employment trends,Analysis of employment market conditions.,71,0.5461423960366286,46,investing,employment,Reddit (Sample),0.0,neutral
2023-03-25,Discussion: inflation trends,Looking at the recent inflation data...,65,0.5400900070409518,14,stocks,inflation,Reddit (Sample),0.0,neutral
2023-02-10,Analysis of inflation performance,Your thoughts on inflation?,94,0.8232250450623035,10,stocks,inflation,Reddit (Sample),0.0,neutral
2023-09-23,Analysis of inflation performance,Interesting developments in inflation.,62,0.8062867341724096,27,stocks,inflation,Reddit (Sample),0.0,neutral
2025-02-09,inflation - what's your take?,Interesting developments in inflation.,-9,0.7649957614632094,2,stocks,inflation,Reddit (Sample),0.0,neutral
2023-12-16,Analysis of inflation performance,Looking at the recent inflation data...,30,0.7110171300638195,34,stocks,inflation,Reddit (Sample),0.0,neutral
2023-08-23,Discussion: inflation trends,Your thoughts on inflation?,68,0.5218695361544736,20,stocks,inflation,Reddit (Sample),0.0,neutral
2024-07-27,Discussion: inflation trends,Looking at the recent inflation data...,12,0.9083616012792723,37,stocks,inflation,Reddit (Sample),0.0,neutral
2025-03-06,Market update: inflation,Interesting developments in inflation.,7,0.7019489320850618,44,stocks,inflation,Reddit (Sample),0.0,neutral
2024-01-10,Discussion: inflation trends,Your thoughts on inflation?,91,0.8944925799603967,43,stocks,inflation,Reddit (Sample),0.0,neutral
2025-05-15,Thoughts on inflation?,Interesting developments in inflation.,17,0.7896331769102634,40,stocks,inflation,Reddit (Sample),0.0,neutral
2023-03-04,Thoughts on inflation?,What do you think about inflation?,46,0.5137101549863288,32,stocks,inflation,Reddit (Sample),0.0,neutral
2024-11-09,Analysis of inflation performance,Analysis of inflation market conditions.,26,0.8228702550478062,36,stocks,inflation,Reddit (Sample),0.0,neutral
2024-07-21,Discussion: inflation trends,Looking at the recent inflation data...,36,0.5772298736116619,28,stocks,inflation,Reddit (Sample),0.0,neutral
2023-07-21,inflation - what's your take?,What do you think about inflation?,81,0.50335519515203,46,stocks,inflation,Reddit (Sample),0.0,neutral
2024-04-23,Thoughts on inflation?,Interesting developments in inflation.,38,0.5506299573075795,4,stocks,inflation,Reddit (Sample),0.0,neutral
2024-01-27,Analysis of inflation performance,Analysis of inflation market conditions.,45,0.994017983077796,0,stocks,inflation,Reddit (Sample),0.0,neutral
2024-01-23,Discussion: recession trends,Your thoughts on recession?,39,0.7427948498296989,23,stocks,recession,Reddit (Sample),0.0,neutral
2024-03-18,Thoughts on recession?,Interesting developments in recession.,34,0.6921033564929001,26,stocks,recession,Reddit (Sample),0.0,neutral
2024-03-05,Thoughts on recession?,Interesting developments in recession.,95,0.6977171339964572,5,stocks,recession,Reddit (Sample),0.0,neutral
2025-04-06,Market update: recession,Your thoughts on recession?,19,0.5650238912555694,36,stocks,recession,Reddit (Sample),0.0,neutral
2023-06-19,recession - what's your take?,Your thoughts on recession?,24,0.9442018361543406,3,stocks,recession,Reddit (Sample),0.0,neutral
2025-02-24,recession - what's your take?,Looking at the recent recession data...,18,0.6442027189093729,46,stocks,recession,Reddit (Sample),0.0,neutral
2024-09-29,recession - what's your take?,Looking at the recent recession data...,98,0.9853710768386241,21,stocks,recession,Reddit (Sample),0.0,neutral
2023-03-09,Market update: recession,Your thoughts on recession?,94,0.7768557426790056,33,stocks,recession,Reddit (Sample),0.0,neutral
2023-12-31,Market update: recession,Interesting developments in recession.,76,0.720220675156212,41,stocks,recession,Reddit (Sample),0.0,neutral
2023-12-20,Market update: recession,Interesting developments in recession.,74,0.6712239894173566,43,stocks,recession,Reddit (Sample),0.0,neutral
2024-06-16,recession - what's your take?,Interesting developments in recession.,92,0.7724138287725935,0,stocks,recession,Reddit (Sample),0.0,neutral
2024-08-26,Market update: recession,Interesting developments in recession.,2,0.8131171607105319,10,stocks,recession,Reddit (Sample),0.0,neutral
2024-03-10,Market update: recession,Looking at the recent recession data...,88,0.9401573810744634,39,stocks,recession,Reddit (Sample),0.0,neutral
2023-08-02,Discussion: recession trends,What do you think about recession?,8,0.6006560539112167,20,stocks,recession,Reddit (Sample),0.0,neutral
2024-06-03,recession - what's your take?,Your thoughts on recession?,6,0.8554423583411596,18,stocks,recession,Reddit (Sample),0.0,neutral
2023-03-05,Thoughts on recession?,Your thoughts on recession?,87,0.8610716177279529,44,stocks,recession,Reddit (Sample),0.0,neutral
2024-07-12,recession - what's your take?,Your thoughts on recession?,0,0.7746612397015871,4,stocks,recession,Reddit (Sample),0.0,neutral
2023-07-03,recession - what's your take?,Looking at the recent recession data...,35,0.5172306297125,5,stocks,recession,Reddit (Sample),0.0,neutral
2024-06-12,Thoughts on recession?,Interesting developments in recession.,15,0.9904936890813425,43,stocks,recession,Reddit (Sample),0.0,neutral
2025-05-13,Analysis of interest rates performance,Analysis of interest rates market conditions.,91,0.7612220727027322,23,stocks,interest rates,Reddit (Sample),0.0,neutral
2024-02-11,Thoughts on interest rates?,Interesting developments in interest rates.,53,0.746162740000591,49,stocks,interest rates,Reddit (Sample),0.0,neutral
2024-04-09,Thoughts on interest rates?,Your thoughts on interest rates?,67,0.7279896378799684,27,stocks,interest rates,Reddit (Sample),0.0,neutral
2024-11-17,interest rates - what's your take?,Your thoughts on interest rates?,24,0.6002372577642014,8,stocks,interest rates,Reddit (Sample),0.0,neutral
2025-04-19,interest rates - what's your take?,Your thoughts on interest rates?,70,0.8200991557798119,32,stocks,interest rates,Reddit (Sample),0.0,neutral
2025-05-13,Thoughts on interest rates?,Interesting developments in interest rates.,48,0.5153950248302239,46,stocks,interest rates,Reddit (Sample),0.0,neutral
2024-05-08,Market update: interest rates,What do you think about interest rates?,85,0.9646286990036146,21,stocks,interest rates,Reddit (Sample),0.0,neutral
2024-11-13,Thoughts on interest rates?,What do you think about interest rates?,31,0.8162720549829139,20,stocks,interest rates,Reddit (Sample),0.0,neutral
2023-07-13,Discussion: oil prices trends,Interesting developments in oil prices.,45,0.7642890548610985,29,stocks,oil prices,Reddit (Sample),0.0,neutral
2023-10-30,Thoughts on oil prices?,Interesting developments in oil prices.,-3,0.9973243207799989,39,stocks,oil prices,Reddit (Sample),0.0,neutral
2023-11-23,Thoughts on oil prices?,Looking at the recent oil prices data...,25,0.9170722985003379,0,stocks,oil prices,Reddit (Sample),0.0,neutral
2024-07-02,Market update: oil prices,Your thoughts on oil prices?,49,0.8292702578350275,0,stocks,oil prices,Reddit (Sample),0.0,neutral
2024-11-06,Thoughts on oil prices?,What do you think about oil prices?,52,0.5443023569848395,8,stocks,oil prices,Reddit (Sample),0.0,neutral
2025-03-12,oil prices - what's your take?,Interesting developments in oil prices.,88,0.7745651681385863,13,stocks,oil prices,Reddit (Sample),0.0,neutral
2023-07-07,Market update: oil prices,Your thoughts on oil prices?,85,0.5361582376289693,18,stocks,oil prices,Reddit (Sample),0.0,neutral
2023-05-03,Analysis of oil prices performance,Looking at the recent oil prices data...,23,0.8972577722453743,15,stocks,oil prices,Reddit (Sample),0.0,neutral
2023-12-24,oil prices - what's your take?,What do you think about oil prices?,55,0.8550550282108533,46,stocks,oil prices,Reddit (Sample),0.0,neutral
2024-05-22,Analysis of oil prices performance,Interesting developments in oil prices.,-3,0.646257545535371,26,stocks,oil prices,Reddit (Sample),0.0,neutral
2024-09-21,Market update: oil prices,Your thoughts on oil prices?,28,0.6130144989079999,40,stocks,oil prices,Reddit (Sample),0.0,neutral
2024-10-31,Market update: oil prices,Your thoughts on oil prices?,10,0.6073140366294014,18,stocks,oil prices,Reddit (Sample),0.0,neutral
2023-11-09,Discussion: oil prices trends,Looking at the recent oil prices data...,44,0.7515419753899182,9,stocks,oil prices,Reddit (Sample),0.0,neutral
2023-01-10,oil prices - what's your take?,Analysis of oil prices market conditions.,9,0.8413086106117011,13,stocks,oil prices,Reddit (Sample),0.0,neutral
2023-06-27,oil prices - what's your take?,Analysis of oil prices market conditions.,42,0.9019792537762601,21,stocks,oil prices,Reddit (Sample),0.0,neutral
2023-01-30,oil prices - what's your take?,Your thoughts on oil prices?,48,0.8876730752015678,17,stocks,oil prices,Reddit (Sample),0.0,neutral
2024-09-22,Analysis of unemployment performance,What do you think about unemployment?,87,0.8608607763585896,40,stocks,unemployment,Reddit (Sample),0.0,neutral
2024-12-16,Discussion: unemployment trends,Looking at the recent unemployment data...,84,0.5945197623637659,28,stocks,unemployment,Reddit (Sample),0.0,neutral
2023-06-03,Analysis of unemployment performance,Looking at the recent unemployment data...,76,0.7916332589065227,7,stocks,unemployment,Reddit (Sample),0.0,neutral
2024-01-25,Market update: unemployment,Analysis of unemployment market conditions.,53,0.6581350748646534,10,stocks,unemployment,Reddit (Sample),0.0,neutral
2024-09-24,Discussion: unemployment trends,Interesting developments in unemployment.,8,0.7824921788376268,33,stocks,unemployment,Reddit (Sample),0.0,neutral
2024-03-03,unemployment - what's your take?,Analysis of unemployment market conditions.,71,0.9459360724053674,12,stocks,unemployment,Reddit (Sample),0.0,neutral
2023-03-24,Discussion: unemployment trends,Analysis of unemployment market conditions.,40,0.5446447622627865,22,stocks,unemployment,Reddit (Sample),0.0,neutral
2023-08-06,Market update: unemployment,Looking at the recent unemployment data...,49,0.8163559393743005,9,stocks,unemployment,Reddit (Sample),0.0,neutral
2023-06-24,Market update: unemployment,Your thoughts on unemployment?,96,0.8331927067891032,32,stocks,unemployment,Reddit (Sample),0.0,neutral
2024-06-19,unemployment - what's your take?,Interesting developments in unemployment.,6,0.8380541157072056,24,stocks,unemployment,Reddit (Sample),0.0,neutral
2024-08-28,Discussion: unemployment trends,Your thoughts on unemployment?,73,0.8909119316724678,11,stocks,unemployment,Reddit (Sample),0.0,neutral
2023-10-20,Analysis of unemployment performance,Looking at the recent unemployment data...,90,0.7492853997528546,38,stocks,unemployment,Reddit (Sample),0.0,neutral
2024-06-23,Discussion: unemployment trends,Interesting developments in unemployment.,36,0.555488762292574,13,stocks,unemployment,Reddit (Sample),0.0,neutral
2023-08-15,unemployment - what's your take?,Looking at the recent unemployment data...,60,0.8837838142589591,17,stocks,unemployment,Reddit (Sample),0.0,neutral
2025-01-10,Market update: unemployment,Analysis of unemployment market conditions.,20,0.8598269083052652,8,stocks,unemployment,Reddit (Sample),0.0,neutral
2023-11-25,Thoughts on unemployment?,Looking at the recent unemployment data...,89,0.838906600155022,44,stocks,unemployment,Reddit (Sample),0.0,neutral
2023-06-11,Discussion: stock market trends,Analysis of stock market market conditions.,7,0.8685482752160256,5,stocks,stock market,Reddit (Sample),0.0,neutral
2023-05-29,stock market - what's your take?,Looking at the recent stock market data...,89,0.5426706682421625,42,stocks,stock market,Reddit (Sample),0.0,neutral
2023-08-15,Market update: stock market,Looking at the recent stock market data...,38,0.5557561061606382,9,stocks,stock market,Reddit (Sample),0.0,neutral
2024-07-18,stock market - what's your take?,Your thoughts on stock market?,63,0.5073466943274769,36,stocks,stock market,Reddit (Sample),0.0,neutral
2023-04-12,Analysis of stock market performance,Looking at the recent stock market data...,89,0.9744229779155652,34,stocks,stock market,Reddit (Sample),0.0,neutral
2024-01-22,Discussion: stock market trends,Analysis of stock market market conditions.,43,0.6333375983309888,28,stocks,stock market,Reddit (Sample),0.0,neutral
2023-06-20,Discussion: stock market trends,Analysis of stock market market conditions.,49,0.6988237897960181,0,stocks,stock market,Reddit (Sample),0.0,neutral
2025-05-01,stock market - what's your take?,Looking at the recent stock market data...,93,0.565759133458189,11,stocks,stock market,Reddit (Sample),0.0,neutral
2025-03-05,Market update: stock market,What do you think about stock market?,48,0.6912901617853178,40,stocks,stock market,Reddit (Sample),0.0,neutral
2024-11-04,Market update: stock market,Your thoughts on stock market?,14,0.8865709369593358,6,stocks,stock market,Reddit (Sample),0.0,neutral
2025-01-25,Discussion: stock market trends,Analysis of stock market market conditions.,5,0.7840462561689336,35,stocks,stock market,Reddit (Sample),0.0,neutral
2024-10-08,stock market - what's your take?,Interesting developments in stock market.,62,0.773481625685694,7,stocks,stock market,Reddit (Sample),0.0,neutral
2023-08-13,Discussion: stock market trends,Your thoughts on stock market?,75,0.5761638928313394,39,stocks,stock market,Reddit (Sample),0.0,neutral
2023-07-14,Market update: stock market,Looking at the recent stock market data...,18,0.6233018174890124,27,stocks,stock market,Reddit (Sample),0.0,neutral
2023-07-24,stock market - what's your take?,Analysis of stock market market conditions.,79,0.7911043798841155,39,stocks,stock market,Reddit (Sample),0.0,neutral
2024-01-28,Market update: stock market,Analysis of stock market market conditions.,39,0.8222955873711718,31,stocks,stock market,Reddit (Sample),0.0,neutral
2024-06-23,Discussion: stock market trends,Looking at the recent stock market data...,48,0.862813600137208,6,stocks,stock market,Reddit (Sample),0.0,neutral
2024-03-16,Analysis of economy performance,Looking at the recent economy data...,-1,0.6575735195662766,18,stocks,economy,Reddit (Sample),0.0,neutral
2023-09-24,Market update: economy,Your thoughts on economy?,61,0.8179773535818642,46,stocks,economy,Reddit (Sample),0.0,neutral
2025-05-12,economy - what's your take?,Interesting developments in economy.,96,0.9049300936802931,46,stocks,economy,Reddit (Sample),0.0,neutral
2024-07-17,economy - what's your take?,Looking at the recent economy data...,36,0.5303144630332342,45,stocks,economy,Reddit (Sample),0.0,neutral
2023-08-30,Analysis of economy performance,Looking at the recent economy data...,-6,0.7486562230844862,40,stocks,economy,Reddit (Sample),0.0,neutral
2024-04-03,Discussion: economy trends,What do you think about economy?,27,0.76482986197281,14,stocks,economy,Reddit (Sample),0.0,neutral
2025-01-05,Market update: economy,What do you think about economy?,10,0.9811551014938922,5,stocks,economy,Reddit (Sample),0.0,neutral
2023-10-21,Analysis of economy performance,What do you think about economy?,35,0.7164080011047347,29,stocks,economy,Reddit (Sample),0.0,neutral
2023-01-03,Market update: economy,Analysis of economy market conditions.,98,0.5249895143298393,32,stocks,economy,Reddit (Sample),0.0,neutral
2024-12-21,Thoughts on economy?,Your thoughts on economy?,39,0.9268924608523335,27,stocks,economy,Reddit (Sample),0.0,neutral
2024-05-06,Discussion: economy trends,Analysis of economy market conditions.,88,0.7491180002496365,25,stocks,economy,Reddit (Sample),0.0,neutral
2024-03-21,Discussion: economy trends,Analysis of economy market conditions.,0,0.7294817396886493,17,stocks,economy,Reddit (Sample),0.0,neutral
2023-01-19,Analysis of economy performance,What do you think about economy?,-5,0.5950538248918638,28,stocks,economy,Reddit (Sample),0.0,neutral
2024-07-24,Market update: economy,What do you think about economy?,6,0.9800678022027236,15,stocks,economy,Reddit (Sample),0.0,neutral
2023-09-04,Market update: GDP,What do you think about GDP?,-3,0.886544520848733,35,stocks,GDP,Reddit (Sample),0.0,neutral
2024-05-09,Discussion: GDP trends,Interesting developments in GDP.,28,0.8906744203072031,19,stocks,GDP,Reddit (Sample),0.0,neutral
2024-08-22,Analysis of GDP performance,Your thoughts on GDP?,75,0.8015321530852583,36,stocks,GDP,Reddit (Sample),0.0,neutral
2023-03-15,GDP - what's your take?,Your thoughts on GDP?,81,0.963097034215891,41,stocks,GDP,Reddit (Sample),0.0,neutral
2023-09-12,Thoughts on GDP?,Your thoughts on GDP?,77,0.904039641177915,39,stocks,GDP,Reddit (Sample),0.0,neutral
2023-11-18,Thoughts on GDP?,Your thoughts on GDP?,16,0.5145848818226322,2,stocks,GDP,Reddit (Sample),0.0,neutral
2024-10-14,Market update: employment,What do you think about employment?,89,0.6444424694545828,26,stocks,employment,Reddit (Sample),0.0,neutral
2024-06-29,Thoughts on employment?,Looking at the recent employment data...,21,0.756360123906314,6,stocks,employment,Reddit (Sample),0.0,neutral
2025-01-22,Thoughts on employment?,Analysis of employment market conditions.,9,0.8771324866735113,34,stocks,employment,Reddit (Sample),0.0,neutral
2024-09-02,Discussion: employment trends,Interesting developments in employment.,79,0.6785605796502514,17,stocks,employment,Reddit (Sample),0.0,neutral
2024-11-15,employment - what's your take?,Your thoughts on employment?,73,0.7869206270522566,17,stocks,employment,Reddit (Sample),0.0,neutral
2023-11-20,Discussion: employment trends,What do you think about employment?,-10,0.5957964728674129,44,stocks,employment,Reddit (Sample),0.0,neutral
2024-02-08,employment - what's your take?,What do you think about employment?,48,0.6104263914815045,40,stocks,employment,Reddit (Sample),0.0,neutral
2025-06-19,Analysis of employment performance,Looking at the recent employment data...,6,0.5740889641149727,44,stocks,employment,Reddit (Sample),0.0,neutral
2025-01-02,employment - what's your take?,Your thoughts on employment?,0,0.7816623210165233,20,stocks,employment,Reddit (Sample),0.0,neutral
2023-04-09,employment - what's your take?,What do you think about employment?,8,0.5719071751574069,6,stocks,employment,Reddit (Sample),0.0,neutral
2023-10-30,Analysis of employment performance,Your thoughts on employment?,10,0.8815541818006541,22,stocks,employment,Reddit (Sample),0.0,neutral
2025-05-23,employment - what's your take?,What do you think about employment?,98,0.7955651516292582,40,stocks,employment,Reddit (Sample),0.0,neutral
2024-01-03,Thoughts on employment?,Analysis of employment market conditions.,99,0.5355791425867165,3,stocks,employment,Reddit (Sample),0.0,neutral
2025-06-08,Thoughts on employment?,Your thoughts on employment?,-10,0.7047060359085091,23,stocks,employment,Reddit (Sample),0.0,neutral
2023-10-10,Market update: employment,Analysis of employment market conditions.,87,0.8869531108853326,23,stocks,employment,Reddit (Sample),0.0,neutral
2023-01-04,Thoughts on employment?,What do you think about employment?,46,0.7316468266363985,22,stocks,employment,Reddit (Sample),0.0,neutral
2024-08-03,Market update: inflation,Looking at the recent inflation data...,46,0.7952155449113467,5,economics,inflation,Reddit (Sample),0.0,neutral
2023-12-23,Discussion: inflation trends,What do you think about inflation?,29,0.6130626656248359,37,economics,inflation,Reddit (Sample),0.0,neutral
2023-03-26,Market update: inflation,Analysis of inflation market conditions.,-8,0.941367190336711,21,economics,inflation,Reddit (Sample),0.0,neutral
2025-03-25,inflation - what's your take?,Analysis of inflation market conditions.,65,0.6121467416425226,35,economics,inflation,Reddit (Sample),0.0,neutral
2025-01-20,Discussion: inflation trends,Your thoughts on inflation?,2,0.7113145985068046,49,economics,inflation,Reddit (Sample),0.0,neutral
2024-06-25,Market update: inflation,Looking at the recent inflation data...,16,0.6357192888171002,47,economics,inflation,Reddit (Sample),0.0,neutral
2024-01-14,inflation - what's your take?,Your thoughts on inflation?,43,0.7953189169973189,48,economics,inflation,Reddit (Sample),0.0,neutral
2023-09-29,Thoughts on inflation?,What do you think about inflation?,63,0.5103356844459522,33,economics,inflation,Reddit (Sample),0.0,neutral
2025-02-05,Discussion: inflation trends,Looking at the recent inflation data...,0,0.8142170237094994,21,economics,inflation,Reddit (Sample),0.0,neutral
2024-05-19,Discussion: inflation trends,Analysis of inflation market conditions.,37,0.6482799561029653,24,economics,inflation,Reddit (Sample),0.0,neutral
2024-09-26,Market update: inflation,Your thoughts on inflation?,91,0.8903659266004504,24,economics,inflation,Reddit (Sample),0.0,neutral
2024-07-16,inflation - what's your take?,Looking at the recent inflation data...,94,0.7244068228733029,1,economics,inflation,Reddit (Sample),0.0,neutral
2023-04-14,Thoughts on inflation?,Looking at the recent inflation data...,12,0.5625626285708735,16,economics,inflation,Reddit (Sample),0.0,neutral
2024-02-22,Thoughts on inflation?,Looking at the recent inflation data...,82,0.5710852233519478,5,economics,inflation,Reddit (Sample),0.0,neutral
2023-09-19,inflation - what's your take?,Analysis of inflation market conditions.,-8,0.559437195588536,48,economics,inflation,Reddit (Sample),0.0,neutral
2023-03-17,Market update: inflation,Looking at the recent inflation data...,70,0.6902588549349473,14,economics,inflation,Reddit (Sample),0.0,neutral
2023-04-10,inflation - what's your take?,What do you think about inflation?,72,0.891085631545623,34,economics,inflation,Reddit (Sample),0.0,neutral
2023-03-19,Analysis of recession performance,Looking at the recent recession data...,3,0.9216390454682012,3,economics,recession,Reddit (Sample),0.0,neutral
2024-12-28,Thoughts on recession?,Your thoughts on recession?,72,0.8530965914816793,32,economics,recession,Reddit (Sample),0.0,neutral
2023-06-17,Thoughts on recession?,Your thoughts on recession?,54,0.6544172120036704,15,economics,recession,Reddit (Sample),0.0,neutral
2024-01-25,Market update: recession,Interesting developments in recession.,8,0.6982768409949816,42,economics,recession,Reddit (Sample),0.0,neutral
2024-04-02,Discussion: recession trends,Analysis of recession market conditions.,84,0.6548939296045496,22,economics,recession,Reddit (Sample),0.0,neutral
2024-05-28,Thoughts on recession?,Looking at the recent recession data...,90,0.5354457879456427,13,economics,recession,Reddit (Sample),0.0,neutral
2024-01-10,Thoughts on recession?,What do you think about recession?,5,0.9909528490382695,17,economics,recession,Reddit (Sample),0.0,neutral
2024-05-14,recession - what's your take?,Looking at the recent recession data...,1,0.6438163645218391,10,economics,recession,Reddit (Sample),0.0,neutral
2025-06-19,Thoughts on recession?,Analysis of recession market conditions.,6,0.9674972159193826,4,economics,recession,Reddit (Sample),0.0,neutral
2024-07-22,recession - what's your take?,Your thoughts on recession?,48,0.6779273796296057,49,economics,recession,Reddit (Sample),0.0,neutral
2025-05-29,Discussion: recession trends,Interesting developments in recession.,75,0.666228078574356,1,economics,recession,Reddit (Sample),0.0,neutral
2024-07-12,recession - what's your take?,Looking at the recent recession data...,2,0.8924309114794401,6,economics,recession,Reddit (Sample),0.0,neutral
2023-08-03,Thoughts on interest rates?,Your thoughts on interest rates?,9,0.6389263880448561,17,economics,interest rates,Reddit (Sample),0.0,neutral
2025-04-10,Analysis of interest rates performance,Looking at the recent interest rates data...,46,0.505740329874689,28,economics,interest rates,Reddit (Sample),0.0,neutral
2023-07-21,Discussion: interest rates trends,What do you think about interest rates?,-5,0.7738923471916597,27,economics,interest rates,Reddit (Sample),0.0,neutral
2023-11-14,Discussion: interest rates trends,Your thoughts on interest rates?,71,0.8522772140137227,40,economics,interest rates,Reddit (Sample),0.0,neutral
2024-12-31,Discussion: interest rates trends,Analysis of interest rates market conditions.,60,0.6321381315793196,9,economics,interest rates,Reddit (Sample),0.0,neutral
2023-04-08,Discussion: interest rates trends,Interesting developments in interest rates.,69,0.8153502355793925,23,economics,interest rates,Reddit (Sample),0.0,neutral
2024-08-08,Analysis of interest rates performance,Interesting developments in interest rates.,44,0.5384897335324832,28,economics,interest rates,Reddit (Sample),0.0,neutral
2024-05-09,interest rates - what's your take?,Interesting developments in interest rates.,30,0.5460334930412377,43,economics,interest rates,Reddit (Sample),0.0,neutral
2024-02-07,interest rates - what's your take?,Interesting developments in interest rates.,55,0.6337010139287707,33,economics,interest rates,Reddit (Sample),0.0,neutral
2025-04-14,Thoughts on interest rates?,What do you think about interest rates?,62,0.8533149349393547,47,economics,interest rates,Reddit (Sample),0.0,neutral
2023-11-22,Discussion: interest rates trends,Interesting developments in interest rates.,89,0.6247621834191244,1,economics,interest rates,Reddit (Sample),0.0,neutral
2024-02-17,interest rates - what's your take?,Looking at the recent interest rates data...,72,0.5529529022018789,9,economics,interest rates,Reddit (Sample),0.0,neutral
2025-03-31,Thoughts on interest rates?,Interesting developments in interest rates.,37,0.5033410646119438,21,economics,interest rates,Reddit (Sample),0.0,neutral
2025-05-17,Analysis of interest rates performance,Looking at the recent interest rates data...,98,0.7040758454333491,48,economics,interest rates,Reddit (Sample),0.0,neutral
2023-10-28,interest rates - what's your take?,Looking at the recent interest rates data...,-2,0.7251271230714451,0,economics,interest rates,Reddit (Sample),0.0,neutral
2024-10-11,interest rates - what's your take?,Looking at the recent interest rates data...,98,0.8086245104243628,31,economics,interest rates,Reddit (Sample),0.0,neutral
2025-03-10,Discussion: interest rates trends,What do you think about interest rates?,16,0.7167913963163072,34,economics,interest rates,Reddit (Sample),0.0,neutral
2025-01-25,Thoughts on interest rates?,Your thoughts on interest rates?,14,0.7170104863543794,14,economics,interest rates,Reddit (Sample),0.0,neutral
2024-10-05,Market update: interest rates,Interesting developments in interest rates.,62,0.7191924900153807,18,economics,interest rates,Reddit (Sample),0.0,neutral
2025-05-09,Discussion: oil prices trends,Interesting developments in oil prices.,30,0.6210110399904386,19,economics,oil prices,Reddit (Sample),0.0,neutral
2024-05-07,Discussion: oil prices trends,Your thoughts on oil prices?,12,0.5250092884105562,46,economics,oil prices,Reddit (Sample),0.0,neutral
2024-07-28,Discussion: oil prices trends,Looking at the recent oil prices data...,99,0.6354031640184863,47,economics,oil prices,Reddit (Sample),0.0,neutral
2025-03-12,Thoughts on oil prices?,Your thoughts on oil prices?,39,0.8663667373930826,32,economics,oil prices,Reddit (Sample),0.0,neutral
2023-11-27,Analysis of oil prices performance,What do you think about oil prices?,71,0.9025451592478313,18,economics,oil prices,Reddit (Sample),0.0,neutral
2023-06-13,Thoughts on oil prices?,Your thoughts on oil prices?,35,0.6987240784495459,37,economics,oil prices,Reddit (Sample),0.0,neutral
2025-04-12,Thoughts on oil prices?,Interesting developments in oil prices.,99,0.685556469215064,8,economics,oil prices,Reddit (Sample),0.0,neutral
2024-05-23,Thoughts on oil prices?,Looking at the recent oil prices data...,28,0.6344267571910968,27,economics,oil prices,Reddit (Sample),0.0,neutral
2025-05-14,Market update: oil prices,Looking at the recent oil prices data...,71,0.8936935133761664,20,economics,oil prices,Reddit (Sample),0.0,neutral
2025-02-08,Market update: oil prices,What do you think about oil prices?,96,0.8189771313423694,37,economics,oil prices,Reddit (Sample),0.0,neutral
2024-11-10,oil prices - what's your take?,What do you think about oil prices?,96,0.9681403107344633,27,economics,oil prices,Reddit (Sample),0.0,neutral
2024-06-13,Analysis of oil prices performance,Interesting developments in oil prices.,47,0.5109566643875045,3,economics,oil prices,Reddit (Sample),0.0,neutral
2023-09-13,Market update: unemployment,Interesting developments in unemployment.,43,0.5141556372013338,27,economics,unemployment,Reddit (Sample),0.0,neutral
2023-07-26,Discussion: unemployment trends,Interesting developments in unemployment.,67,0.5057462366490577,0,economics,unemployment,Reddit (Sample),0.0,neutral
2024-09-05,Market update: unemployment,Your thoughts on unemployment?,-6,0.8932611911954236,27,economics,unemployment,Reddit (Sample),0.0,neutral
2023-01-21,Analysis of unemployment performance,Interesting developments in unemployment.,98,0.9132440450978812,18,economics,unemployment,Reddit (Sample),0.0,neutral
2025-03-13,unemployment - what's your take?,Your thoughts on unemployment?,-10,0.6549034376612345,26,economics,unemployment,Reddit (Sample),0.0,neutral
2023-11-08,Analysis of unemployment performance,Looking at the recent unemployment data...,10,0.8712654164202107,23,economics,unemployment,Reddit (Sample),0.0,neutral
2023-06-02,Market update: unemployment,Your thoughts on unemployment?,25,0.8161082988769746,48,economics,unemployment,Reddit (Sample),0.0,neutral
2023-12-28,Analysis of unemployment performance,Looking at the recent unemployment data...,74,0.9517792217162652,5,economics,unemployment,Reddit (Sample),0.0,neutral
2023-04-19,Thoughts on unemployment?,Looking at the recent unemployment data...,-6,0.8384703914984186,16,economics,unemployment,Reddit (Sample),0.0,neutral
2023-03-17,Thoughts on unemployment?,Looking at the recent unemployment data...,75,0.6479714444293283,46,economics,unemployment,Reddit (Sample),0.0,neutral
2024-08-21,Market update: stock market,Analysis of stock market market conditions.,12,0.7148042960661817,39,economics,stock market,Reddit (Sample),0.0,neutral
2024-08-19,Analysis of stock market performance,Your thoughts on stock market?,-5,0.8947160970975956,29,economics,stock market,Reddit (Sample),0.0,neutral
2024-10-23,Discussion: stock market trends,Looking at the recent stock market data...,96,0.8662069324063343,13,economics,stock market,Reddit (Sample),0.0,neutral
2024-09-25,Analysis of stock market performance,Analysis of stock market market conditions.,25,0.559207519587966,41,economics,stock market,Reddit (Sample),0.0,neutral
2024-06-23,Thoughts on stock market?,Interesting developments in stock market.,4,0.8746952264005795,23,economics,stock market,Reddit (Sample),0.0,neutral
2024-08-06,Thoughts on stock market?,Your thoughts on stock market?,-2,0.707887551761661,32,economics,stock market,Reddit (Sample),0.0,neutral
2023-01-19,Thoughts on stock market?,What do you think about stock market?,29,0.8510730480909148,0,economics,stock market,Reddit (Sample),0.0,neutral
2023-12-20,Thoughts on stock market?,Your thoughts on stock market?,-10,0.8157094606091881,47,economics,stock market,Reddit (Sample),0.0,neutral
2023-08-27,Market update: stock market,Looking at the recent stock market data...,53,0.9665636172041542,38,economics,stock market,Reddit (Sample),0.0,neutral
2023-10-09,Discussion: economy trends,Your thoughts on economy?,58,0.8824004862296386,2,economics,economy,Reddit (Sample),0.0,neutral
2023-01-07,Analysis of economy performance,Looking at the recent economy data...,92,0.709635830583011,48,economics,economy,Reddit (Sample),0.0,neutral
2024-07-27,Discussion: economy trends,Interesting developments in economy.,14,0.8366232196772658,2,economics,economy,Reddit (Sample),0.0,neutral
2023-07-26,Market update: economy,Your thoughts on economy?,96,0.8443158146539378,15,economics,economy,Reddit (Sample),0.0,neutral
2023-01-25,economy - what's your take?,Looking at the recent economy data...,45,0.9180588516036243,21,economics,economy,Reddit (Sample),0.0,neutral
2023-12-02,Discussion: economy trends,Interesting developments in economy.,97,0.6668141979184328,40,economics,economy,Reddit (Sample),0.0,neutral
2023-07-18,Market update: economy,Interesting developments in economy.,8,0.9274870097807372,44,economics,economy,Reddit (Sample),0.0,neutral
2025-02-21,Thoughts on economy?,Interesting developments in economy.,42,0.7048696182214695,39,economics,economy,Reddit (Sample),0.0,neutral
2024-10-19,Thoughts on economy?,What do you think about economy?,85,0.5209927144547941,5,economics,economy,Reddit (Sample),0.0,neutral
2024-12-16,Discussion: economy trends,Analysis of economy market conditions.,68,0.5332823639571114,48,economics,economy,Reddit (Sample),0.0,neutral
2024-11-15,Analysis of economy performance,What do you think about economy?,66,0.9019072725967234,14,economics,economy,Reddit (Sample),0.0,neutral
2024-06-15,Market update: economy,Interesting developments in economy.,95,0.6605810763179767,18,economics,economy,Reddit (Sample),0.0,neutral
2024-11-24,Thoughts on GDP?,Analysis of GDP market conditions.,49,0.8613688761194023,30,economics,GDP,Reddit (Sample),0.0,neutral
2024-09-10,Thoughts on GDP?,Interesting developments in GDP.,-9,0.8308421441999283,48,economics,GDP,Reddit (Sample),0.0,neutral
2023-12-14,GDP - what's your take?,What do you think about GDP?,50,0.5518392903671383,47,economics,GDP,Reddit (Sample),0.0,neutral
2024-02-13,GDP - what's your take?,Looking at the recent GDP data...,47,0.8909799885789795,44,economics,GDP,Reddit (Sample),0.0,neutral
2025-04-09,Analysis of GDP performance,Analysis of GDP market conditions.,70,0.5073141294388379,18,economics,GDP,Reddit (Sample),0.0,neutral
2024-12-04,GDP - what's your take?,Your thoughts on GDP?,48,0.5849405030253676,8,economics,GDP,Reddit (Sample),0.0,neutral
2025-06-13,GDP - what's your take?,Your thoughts on GDP?,47,0.9541142443501615,22,economics,GDP,Reddit (Sample),0.0,neutral
2025-06-17,Market update: employment,What do you think about employment?,25,0.9262924774691714,21,economics,employment,Reddit (Sample),0.0,neutral
2024-07-27,Analysis of employment performance,Analysis of employment market conditions.,31,0.7074856077000391,10,economics,employment,Reddit (Sample),0.0,neutral
2023-02-23,Thoughts on employment?,Looking at the recent employment data...,29,0.799885657485249,1,economics,employment,Reddit (Sample),0.0,neutral
2024-08-28,employment - what's your take?,What do you think about employment?,33,0.8728766895380631,15,economics,employment,Reddit (Sample),0.0,neutral
2024-08-15,Analysis of employment performance,What do you think about employment?,39,0.6913993822181939,25,economics,employment,Reddit (Sample),0.0,neutral
2025-03-01,Analysis of employment performance,Looking at the recent employment data...,51,0.8461794612305291,46,economics,employment,Reddit (Sample),0.0,neutral
2023-07-14,Thoughts on employment?,Your thoughts on employment?,-10,0.7643622095492179,31,economics,employment,Reddit (Sample),0.0,neutral
2023-06-05,Market update: employment,What do you think about employment?,99,0.6093578064989637,35,economics,employment,Reddit (Sample),0.0,neutral
2025-02-28,Analysis of employment performance,Your thoughts on employment?,68,0.9108239664808856,31,economics,employment,Reddit (Sample),0.0,neutral
2025-03-01,employment - what's your take?,What do you think about employment?,90,0.873919287206036,32,economics,employment,Reddit (Sample),0.0,neutral
2024-06-23,Discussion: employment trends,Your thoughts on employment?,52,0.6320021749797329,20,economics,employment,Reddit (Sample),0.0,neutral
2024-08-30,Thoughts on employment?,Your thoughts on employment?,49,0.5194896603305652,49,economics,employment,Reddit (Sample),0.0,neutral
2024-11-18,Discussion: employment trends,Interesting developments in employment.,93,0.8681144412642751,6,economics,employment,Reddit (Sample),0.0,neutral
2023-04-14,Market update: employment,What do you think about employment?,-9,0.8740023681857017,32,economics,employment,Reddit (Sample),0.0,neutral
2023-07-01,Market update: employment,Interesting developments in employment.,9,0.9515468639382691,30,economics,employment,Reddit (Sample),0.0,neutral
2023-04-01,Market update: employment,What do you think about employment?,56,0.9988141487010782,34,economics,employment,Reddit (Sample),0.0,neutral
2023-12-17,Market update: employment,Your thoughts on employment?,24,0.5112129445810276,20,economics,employment,Reddit (Sample),0.0,neutral
2024-05-13,Thoughts on employment?,Analysis of employment market conditions.,37,0.6560981841088018,21,economics,employment,Reddit (Sample),0.0,neutral
2023-06-15,Analysis of employment performance,Looking at the recent employment data...,85,0.6544779950340763,14,economics,employment,Reddit (Sample),0.0,neutral
2024-03-17,Thoughts on inflation?,Interesting developments in inflation.,69,0.7074075596944736,9,finance,inflation,Reddit (Sample),0.0,neutral
2023-12-05,Discussion: inflation trends,Analysis of inflation market conditions.,50,0.8191611198959132,18,finance,inflation,Reddit (Sample),0.0,neutral
2024-11-13,Analysis of inflation performance,What do you think about inflation?,50,0.6946152358458942,19,finance,inflation,Reddit (Sample),0.0,neutral
2023-02-17,Thoughts on inflation?,Interesting developments in inflation.,99,0.6857429718297171,27,finance,inflation,Reddit (Sample),0.0,neutral
2024-12-09,Thoughts on inflation?,Your thoughts on inflation?,40,0.7215296811652105,49,finance,inflation,Reddit (Sample),0.0,neutral
2025-06-18,Discussion: inflation trends,What do you think about inflation?,73,0.9699658959849112,13,finance,inflation,Reddit (Sample),0.0,neutral
2024-12-15,Thoughts on inflation?,Your thoughts on inflation?,7,0.6812156613079146,17,finance,inflation,Reddit (Sample),0.0,neutral
2025-06-06,Thoughts on inflation?,Your thoughts on inflation?,33,0.7501797231077802,40,finance,inflation,Reddit (Sample),0.0,neutral
2024-07-24,Discussion: inflation trends,Looking at the recent inflation data...,43,0.6376441067259301,18,finance,inflation,Reddit (Sample),0.0,neutral
2025-04-12,inflation - what's your take?,Looking at the recent inflation data...,4,0.6020832795841216,21,finance,inflation,Reddit (Sample),0.0,neutral
2024-12-26,Analysis of inflation performance,Looking at the recent inflation data...,82,0.9743721975748555,49,finance,inflation,Reddit (Sample),0.0,neutral
2024-02-08,Analysis of inflation performance,Looking at the recent inflation data...,48,0.8498197848110609,11,finance,inflation,Reddit (Sample),0.0,neutral
2023-10-23,inflation - what's your take?,Interesting developments in inflation.,17,0.7442478163299526,29,finance,inflation,Reddit (Sample),0.0,neutral
2023-01-13,Market update: inflation,What do you think about inflation?,26,0.9168959754594137,1,finance,inflation,Reddit (Sample),0.0,neutral
2025-03-14,Analysis of inflation performance,Interesting developments in inflation.,61,0.5474542206336731,42,finance,inflation,Reddit (Sample),0.0,neutral
2024-10-21,Market update: recession,What do you think about recession?,19,0.9578361161308249,19,finance,recession,Reddit (Sample),0.0,neutral
2024-09-19,Thoughts on recession?,Your thoughts on recession?,48,0.9430467176566041,47,finance,recession,Reddit (Sample),0.0,neutral
2023-06-04,Market update: recession,Looking at the recent recession data...,24,0.6002764889226333,36,finance,recession,Reddit (Sample),0.0,neutral
2023-08-22,Discussion: recession trends,Looking at the recent recession data...,-3,0.9703866498447504,29,finance,recession,Reddit (Sample),0.0,neutral
2024-01-01,recession - what's your take?,Analysis of recession market conditions.,92,0.7176968230878678,11,finance,recession,Reddit (Sample),0.0,neutral
2025-02-23,Analysis of recession performance,Your thoughts on recession?,8,0.7759385682105928,33,finance,recession,Reddit (Sample),0.0,neutral
2023-03-12,recession - what's your take?,What do you think about recession?,23,0.7374754826318741,49,finance,recession,Reddit (Sample),0.0,neutral
2023-12-24,Analysis of recession performance,Analysis of recession market conditions.,4,0.5736377817760454,2,finance,recession,Reddit (Sample),0.0,neutral
2025-03-15,Discussion: recession trends,Analysis of recession market conditions.,45,0.5777857184346511,10,finance,recession,Reddit (Sample),0.0,neutral
2023-04-20,Market update: recession,Analysis of recession market conditions.,-1,0.628231530508383,48,finance,recession,Reddit (Sample),0.0,neutral
2024-09-28,Market update: interest rates,Analysis of interest rates market conditions.,90,0.5850577086546407,3,finance,interest rates,Reddit (Sample),0.0,neutral
2023-08-11,Analysis of interest rates performance,What do you think about interest rates?,20,0.6512097556392682,27,finance,interest rates,Reddit (Sample),0.0,neutral
2023-10-29,Market update: interest rates,What do you think about interest rates?,29,0.6518119690719202,23,finance,interest rates,Reddit (Sample),0.0,neutral
2023-12-21,interest rates - what's your take?,Analysis of interest rates market conditions.,51,0.9377028125609171,0,finance,interest rates,Reddit (Sample),0.0,neutral
2023-09-04,Analysis of interest rates performance,Looking at the recent interest rates data...,44,0.5284893634986841,33,finance,interest rates,Reddit (Sample),0.0,neutral
2025-02-15,Market update: interest rates,Looking at the recent interest rates data...,37,0.7736187602103215,11,finance,interest rates,Reddit (Sample),0.0,neutral
2024-02-03,Analysis of interest rates performance,Your thoughts on interest rates?,70,0.8825801644083832,39,finance,interest rates,Reddit (Sample),0.0,neutral
2024-10-21,Analysis of interest rates performance,Interesting developments in interest rates.,74,0.7446962687032943,15,finance,interest rates,Reddit (Sample),0.0,neutral
2024-03-22,oil prices - what's your take?,Analysis of oil prices market conditions.,27,0.9191152105409003,6,finance,oil prices,Reddit (Sample),0.0,neutral
2025-01-30,Thoughts on oil prices?,What do you think about oil prices?,5,0.6641165528391697,3,finance,oil prices,Reddit (Sample),0.0,neutral
2023-07-06,Discussion: oil prices trends,Your thoughts on oil prices?,98,0.975722412831546,36,finance,oil prices,Reddit (Sample),0.0,neutral
2024-01-25,Thoughts on oil prices?,Your thoughts on oil prices?,49,0.7448122310251224,30,finance,oil prices,Reddit (Sample),0.0,neutral
2023-11-06,oil prices - what's your take?,Analysis of oil prices market conditions.,28,0.9661613791144388,12,finance,oil prices,Reddit (Sample),0.0,neutral
2024-11-02,Thoughts on oil prices?,Analysis of oil prices market conditions.,42,0.6393215315575183,27,finance,oil prices,Reddit (Sample),0.0,neutral
2024-10-04,Market update: oil prices,What do you think about oil prices?,69,0.6428537838304451,37,finance,oil prices,Reddit (Sample),0.0,neutral
2024-12-12,Discussion: oil prices trends,Interesting developments in oil prices.,-1,0.6836953643485353,11,finance,oil prices,Reddit (Sample),0.0,neutral
2023-06-26,Thoughts on oil prices?,Your thoughts on oil prices?,58,0.5875615700651766,24,finance,oil prices,Reddit (Sample),0.0,neutral
2023-05-07,Discussion: oil prices trends,Your thoughts on oil prices?,73,0.624834476370115,21,finance,oil prices,Reddit (Sample),0.0,neutral
2024-01-23,Market update: oil prices,Your thoughts on oil prices?,31,0.8962974066045674,19,finance,oil prices,Reddit (Sample),0.0,neutral
2024-05-14,Market update: oil prices,Looking at the recent oil prices data...,43,0.6326850558009878,0,finance,oil prices,Reddit (Sample),0.0,neutral
2023-09-30,Analysis of oil prices performance,What do you think about oil prices?,80,0.5200295595253472,45,finance,oil prices,Reddit (Sample),0.0,neutral
2025-02-14,Thoughts on unemployment?,What do you think about unemployment?,48,0.7949739414009044,36,finance,unemployment,Reddit (Sample),0.0,neutral
2024-05-11,unemployment - what's your take?,Looking at the recent unemployment data...,50,0.5772461020024628,1,finance,unemployment,Reddit (Sample),0.0,neutral
2025-01-27,Analysis of unemployment performance,Looking at the recent unemployment data...,19,0.9997788516252193,31,finance,unemployment,Reddit (Sample),0.0,neutral
2024-05-12,Market update: unemployment,What do you think about unemployment?,2,0.8371998259069908,29,finance,unemployment,Reddit (Sample),0.0,neutral
2024-10-22,Discussion: unemployment trends,Interesting developments in unemployment.,4,0.9553028586072109,9,finance,unemployment,Reddit (Sample),0.0,neutral
2023-12-30,Market update: unemployment,Analysis of unemployment market conditions.,19,0.775579980958186,8,finance,unemployment,Reddit (Sample),0.0,neutral
2024-11-24,Discussion: unemployment trends,Analysis of unemployment market conditions.,88,0.8768670352140022,15,finance,unemployment,Reddit (Sample),0.0,neutral
2023-09-22,unemployment - what's your take?,Looking at the recent unemployment data...,98,0.5557964999786238,7,finance,unemployment,Reddit (Sample),0.0,neutral
2023-03-13,Thoughts on unemployment?,Analysis of unemployment market conditions.,54,0.8053853653425194,41,finance,unemployment,Reddit (Sample),0.0,neutral
2024-12-02,Thoughts on unemployment?,Interesting developments in unemployment.,92,0.5627431483995753,16,finance,unemployment,Reddit (Sample),0.0,neutral
2024-04-25,Analysis of unemployment performance,Your thoughts on unemployment?,74,0.7828907774204982,22,finance,unemployment,Reddit (Sample),0.0,neutral
2024-07-21,Analysis of unemployment performance,Your thoughts on unemployment?,98,0.9134292804863766,7,finance,unemployment,Reddit (Sample),0.0,neutral
2023-08-15,Thoughts on stock market?,Interesting developments in stock market.,77,0.5150519361056595,1,finance,stock market,Reddit (Sample),0.0,neutral
2023-03-04,Thoughts on stock market?,Analysis of stock market market conditions.,6,0.8266917492393403,37,finance,stock market,Reddit (Sample),0.0,neutral
2023-01-28,Analysis of stock market performance,Your thoughts on stock market?,57,0.6752066250050988,48,finance,stock market,Reddit (Sample),0.0,neutral
2023-10-26,stock market - what's your take?,What do you think about stock market?,2,0.505142247967846,31,finance,stock market,Reddit (Sample),0.0,neutral
2023-04-15,stock market - what's your take?,Analysis of stock market market conditions.,99,0.897240408926753,34,finance,stock market,Reddit (Sample),0.0,neutral
2025-01-19,Thoughts on stock market?,Analysis of stock market market conditions.,-10,0.5444948574281734,47,finance,stock market,Reddit (Sample),0.0,neutral
2025-03-18,Discussion: stock market trends,Analysis of stock market market conditions.,61,0.9694982110429888,49,finance,stock market,Reddit (Sample),0.0,neutral
2025-06-18,stock market - what's your take?,Interesting developments in stock market.,-2,0.6199946819349788,11,finance,stock market,Reddit (Sample),0.0,neutral
2023-10-14,Market update: stock market,Looking at the recent stock market data...,23,0.5946967089424231,23,finance,stock market,Reddit (Sample),0.0,neutral
2024-05-24,Analysis of stock market performance,Looking at the recent stock market data...,15,0.8237582324216816,39,finance,stock market,Reddit (Sample),0.0,neutral
2023-01-10,Thoughts on stock market?,Interesting developments in stock market.,13,0.9087039236530547,26,finance,stock market,Reddit (Sample),0.0,neutral
2024-04-08,Discussion: stock market trends,Interesting developments in stock market.,65,0.932481302557601,43,finance,stock market,Reddit (Sample),0.0,neutral
2023-10-09,Analysis of stock market performance,What do you think about stock market?,73,0.8787322227253589,3,finance,stock market,Reddit (Sample),0.0,neutral
2024-11-18,Discussion: economy trends,Looking at the recent economy data...,55,0.5923162286736846,20,finance,economy,Reddit (Sample),0.0,neutral
2025-05-01,Discussion: economy trends,Analysis of economy market conditions.,75,0.5866715264876404,32,finance,economy,Reddit (Sample),0.0,neutral
2025-06-02,Market update: economy,What do you think about economy?,99,0.798040977619153,45,finance,economy,Reddit (Sample),0.0,neutral
2023-01-25,Market update: economy,Looking at the recent economy data...,-6,0.6775658238769062,42,finance,economy,Reddit (Sample),0.0,neutral
2023-04-22,economy - what's your take?,Analysis of economy market conditions.,80,0.9657774571547405,27,finance,economy,Reddit (Sample),0.0,neutral
2025-01-08,Thoughts on economy?,What do you think about economy?,-1,0.6633973529288887,48,finance,economy,Reddit (Sample),0.0,neutral
2024-12-12,Thoughts on economy?,Your thoughts on economy?,53,0.5522272590500756,44,finance,economy,Reddit (Sample),0.0,neutral
2024-11-23,Market update: economy,Interesting developments in economy.,98,0.7925392211031015,4,finance,economy,Reddit (Sample),0.0,neutral
2024-08-07,Thoughts on economy?,What do you think about economy?,54,0.8498526030497381,29,finance,economy,Reddit (Sample),0.0,neutral
2025-02-17,economy - what's your take?,Analysis of economy market conditions.,65,0.9365544213821138,12,finance,economy,Reddit (Sample),0.0,neutral
2025-06-09,Market update: economy,Your thoughts on economy?,43,0.7117739579959481,29,finance,economy,Reddit (Sample),0.0,neutral
2024-09-06,Analysis of GDP performance,Your thoughts on GDP?,45,0.6737593976568773,30,finance,GDP,Reddit (Sample),0.0,neutral
2024-07-17,Discussion: GDP trends,Analysis of GDP market conditions.,-10,0.728964497217014,39,finance,GDP,Reddit (Sample),0.0,neutral
2024-09-04,Discussion: GDP trends,Looking at the recent GDP data...,52,0.8443812704056827,41,finance,GDP,Reddit (Sample),0.0,neutral
2024-02-09,Discussion: GDP trends,Interesting developments in GDP.,98,0.8969646929299824,46,finance,GDP,Reddit (Sample),0.0,neutral
2025-02-23,Discussion: GDP trends,What do you think about GDP?,2,0.5423441709376534,16,finance,GDP,Reddit (Sample),0.0,neutral
2024-05-10,Market update: GDP,Interesting developments in GDP.,99,0.5913361921198341,7,finance,GDP,Reddit (Sample),0.0,neutral
2024-03-20,Market update: GDP,Interesting developments in GDP.,2,0.7295620116433404,34,finance,GDP,Reddit (Sample),0.0,neutral
2023-03-01,Market update: GDP,What do you think about GDP?,38,0.710380600882963,33,finance,GDP,Reddit (Sample),0.0,neutral
2023-01-26,Market update: GDP,What do you think about GDP?,9,0.62488608122326,49,finance,GDP,Reddit (Sample),0.0,neutral
2023-05-26,GDP - what's your take?,Looking at the recent GDP data...,3,0.9224311637448164,6,finance,GDP,Reddit (Sample),0.0,neutral
2024-01-19,GDP - what's your take?,Interesting developments in GDP.,52,0.9692410791070774,43,finance,GDP,Reddit (Sample),0.0,neutral
2024-02-23,Discussion: GDP trends,Interesting developments in GDP.,8,0.6157400479564941,34,finance,GDP,Reddit (Sample),0.0,neutral
2023-05-02,GDP - what's your take?,Your thoughts on GDP?,6,0.9496301794623447,49,finance,GDP,Reddit (Sample),0.0,neutral
2023-12-21,employment - what's your take?,Your thoughts on employment?,59,0.8379114625520367,13,finance,employment,Reddit (Sample),0.0,neutral
2025-05-29,employment - what's your take?,Interesting developments in employment.,69,0.913651074868623,3,finance,employment,Reddit (Sample),0.0,neutral
2024-03-04,Analysis of employment performance,Analysis of employment market conditions.,85,0.9396651078392371,30,finance,employment,Reddit (Sample),0.0,neutral
2025-02-09,Thoughts on employment?,Looking at the recent employment data...,92,0.6102230021227095,7,finance,employment,Reddit (Sample),0.0,neutral
2024-08-05,employment - what's your take?,Interesting developments in employment.,92,0.8177071784309549,15,finance,employment,Reddit (Sample),0.0,neutral
2025-03-08,Analysis of inflation performance,What do you think about inflation?,58,0.8904819318222177,38,wallstreetbets,inflation,Reddit (Sample),0.0,neutral
2024-07-25,Analysis of inflation performance,Interesting developments in inflation.,34,0.8290274919306104,29,wallstreetbets,inflation,Reddit (Sample),0.0,neutral
2024-09-25,Market update: inflation,Analysis of inflation market conditions.,-7,0.8840640891904411,5,wallstreetbets,inflation,Reddit (Sample),0.0,neutral
2023-10-15,Analysis of inflation performance,What do you think about inflation?,4,0.742010286254702,31,wallstreetbets,inflation,Reddit (Sample),0.0,neutral
2024-04-01,Market update: inflation,What do you think about inflation?,73,0.6076022398665963,2,wallstreetbets,inflation,Reddit (Sample),0.0,neutral
2023-04-16,Thoughts on inflation?,Interesting developments in inflation.,6,0.8483475557183743,3,wallstreetbets,inflation,Reddit (Sample),0.0,neutral
2025-04-28,Discussion: inflation trends,Interesting developments in inflation.,-6,0.9285958285297944,5,wallstreetbets,inflation,Reddit (Sample),0.0,neutral
2024-06-17,Discussion: recession trends,Analysis of recession market conditions.,11,0.8916489914780239,10,wallstreetbets,recession,Reddit (Sample),0.0,neutral
2025-02-01,Analysis of recession performance,Interesting developments in recession.,-2,0.8017644032505604,22,wallstreetbets,recession,Reddit (Sample),0.0,neutral
2023-09-27,Discussion: recession trends,What do you think about recession?,94,0.5990477583601448,9,wallstreetbets,recession,Reddit (Sample),0.0,neutral
2023-03-24,Market update: recession,Your thoughts on recession?,36,0.7484477592500245,22,wallstreetbets,recession,Reddit (Sample),0.0,neutral
2023-01-30,Discussion: recession trends,Analysis of recession market conditions.,87,0.5854682012104242,47,wallstreetbets,recession,Reddit (Sample),0.0,neutral
2024-05-09,Discussion: recession trends,What do you think about recession?,67,0.8621162738059747,45,wallstreetbets,recession,Reddit (Sample),0.0,neutral
2023-11-10,Discussion: recession trends,Looking at the recent recession data...,67,0.5798124507160836,47,wallstreetbets,recession,Reddit (Sample),0.0,neutral
2025-02-16,Thoughts on interest rates?,Interesting developments in interest rates.,0,0.9150754914989591,21,wallstreetbets,interest rates,Reddit (Sample),0.0,neutral
2024-11-15,Discussion: interest rates trends,What do you think about interest rates?,65,0.5179650910929865,17,wallstreetbets,interest rates,Reddit (Sample),0.0,neutral
2023-02-23,Thoughts on interest rates?,Interesting developments in interest rates.,5,0.7869749330345053,17,wallstreetbets,interest rates,Reddit (Sample),0.0,neutral
2024-04-27,Market update: interest rates,Interesting developments in interest rates.,79,0.9733780175868516,43,wallstreetbets,interest rates,Reddit (Sample),0.0,neutral
2024-05-05,Analysis of interest rates performance,Analysis of interest rates market conditions.,49,0.6988422072165273,38,wallstreetbets,interest rates,Reddit (Sample),0.0,neutral
2025-01-27,Analysis of interest rates performance,What do you think about interest rates?,48,0.7676839705908256,14,wallstreetbets,interest rates,Reddit (Sample),0.0,neutral
2023-03-13,oil prices - what's your take?,Analysis of oil prices market conditions.,2,0.9161817698304975,16,wallstreetbets,oil prices,Reddit (Sample),0.0,neutral
2023-03-04,Market update: oil prices,Looking at the recent oil prices data...,25,0.9086526561066184,4,wallstreetbets,oil prices,Reddit (Sample),0.0,neutral
2023-03-31,oil prices - what's your take?,Analysis of oil prices market conditions.,82,0.8132285098384635,36,wallstreetbets,oil prices,Reddit (Sample),0.0,neutral
2024-10-24,Analysis of oil prices performance,Your thoughts on oil prices?,41,0.7462676903571446,36,wallstreetbets,oil prices,Reddit (Sample),0.0,neutral
2025-03-07,Thoughts on oil prices?,Analysis of oil prices market conditions.,36,0.7649702934651165,18,wallstreetbets,oil prices,Reddit (Sample),0.0,neutral
2024-04-05,Analysis of oil prices performance,Your thoughts on oil prices?,53,0.6481960034376417,28,wallstreetbets,oil prices,Reddit (Sample),0.0,neutral
2024-10-21,Discussion: oil prices trends,Analysis of oil prices market conditions.,-9,0.7042277907042414,15,wallstreetbets,oil prices,Reddit (Sample),0.0,neutral
2023-05-26,Market update: oil prices,Analysis of oil prices market conditions.,19,0.6959552814719545,22,wallstreetbets,oil prices,Reddit (Sample),0.0,neutral
2023-02-03,Market update: oil prices,Interesting developments in oil prices.,51,0.988016349300102,35,wallstreetbets,oil prices,Reddit (Sample),0.0,neutral
2024-06-17,oil prices - what's your take?,Analysis of oil prices market conditions.,25,0.561055757962144,18,wallstreetbets,oil prices,Reddit (Sample),0.0,neutral
2024-07-03,oil prices - what's your take?,Looking at the recent oil prices data...,9,0.8365460654556085,3,wallstreetbets,oil prices,Reddit (Sample),0.0,neutral
2023-02-19,Analysis of oil prices performance,Your thoughts on oil prices?,9,0.8281929296923836,10,wallstreetbets,oil prices,Reddit (Sample),0.0,neutral
2024-11-07,Analysis of oil prices performance,Analysis of oil prices market conditions.,82,0.9948782067046673,12,wallstreetbets,oil prices,Reddit (Sample),0.0,neutral
2025-03-20,Discussion: oil prices trends,What do you think about oil prices?,84,0.9942104969817405,18,wallstreetbets,oil prices,Reddit (Sample),0.0,neutral
2024-05-04,Thoughts on oil prices?,Looking at the recent oil prices data...,74,0.9330507726889173,18,wallstreetbets,oil prices,Reddit (Sample),0.0,neutral
2024-08-29,Market update: oil prices,What do you think about oil prices?,48,0.7055952379347455,1,wallstreetbets,oil prices,Reddit (Sample),0.0,neutral
2023-07-13,oil prices - what's your take?,Looking at the recent oil prices data...,85,0.925287264007558,45,wallstreetbets,oil prices,Reddit (Sample),0.0,neutral
2024-02-27,Market update: oil prices,Interesting developments in oil prices.,77,0.9116366063400151,20,wallstreetbets,oil prices,Reddit (Sample),0.0,neutral
2023-01-04,Analysis of oil prices performance,What do you think about oil prices?,1,0.5200694295426833,32,wallstreetbets,oil prices,Reddit (Sample),0.0,neutral
2023-12-14,Discussion: unemployment trends,Analysis of unemployment market conditions.,42,0.8826816819290204,1,wallstreetbets,unemployment,Reddit (Sample),0.0,neutral
2024-09-09,unemployment - what's your take?,Analysis of unemployment market conditions.,8,0.5629775981896792,39,wallstreetbets,unemployment,Reddit (Sample),0.0,neutral
2025-03-28,Thoughts on unemployment?,Interesting developments in unemployment.,98,0.5675400731128803,2,wallstreetbets,unemployment,Reddit (Sample),0.0,neutral
2024-05-04,Thoughts on unemployment?,Looking at the recent unemployment data...,43,0.8015750600614735,15,wallstreetbets,unemployment,Reddit (Sample),0.0,neutral
2025-06-16,unemployment - what's your take?,Analysis of unemployment market conditions.,27,0.5716976850054463,31,wallstreetbets,unemployment,Reddit (Sample),0.0,neutral
2024-01-16,Analysis of unemployment performance,Analysis of unemployment market conditions.,31,0.6166664113246634,12,wallstreetbets,unemployment,Reddit (Sample),0.0,neutral
2023-12-27,Analysis of unemployment performance,Your thoughts on unemployment?,69,0.6061669871434456,19,wallstreetbets,unemployment,Reddit (Sample),0.0,neutral
2025-01-23,Thoughts on unemployment?,Interesting developments in unemployment.,30,0.9984546092946777,31,wallstreetbets,unemployment,Reddit (Sample),0.0,neutral
2024-04-18,Discussion: unemployment trends,What do you think about unemployment?,1,0.6659857523679227,11,wallstreetbets,unemployment,Reddit (Sample),0.0,neutral
2025-05-07,Discussion: unemployment trends,What do you think about unemployment?,85,0.9033787818945631,47,wallstreetbets,unemployment,Reddit (Sample),0.0,neutral
2025-02-26,unemployment - what's your take?,What do you think about unemployment?,54,0.8364235667442723,35,wallstreetbets,unemployment,Reddit (Sample),0.0,neutral
2024-02-12,Thoughts on unemployment?,What do you think about unemployment?,20,0.9027629567880284,1,wallstreetbets,unemployment,Reddit (Sample),0.0,neutral
2023-10-12,unemployment - what's your take?,Your thoughts on unemployment?,17,0.5829505121853931,38,wallstreetbets,unemployment,Reddit (Sample),0.0,neutral
2023-10-07,Market update: unemployment,What do you think about unemployment?,99,0.5449384258680803,17,wallstreetbets,unemployment,Reddit (Sample),0.0,neutral
2024-12-28,Analysis of unemployment performance,What do you think about unemployment?,65,0.575343743500417,5,wallstreetbets,unemployment,Reddit (Sample),0.0,neutral
2024-11-15,stock market - what's your take?,Your thoughts on stock market?,89,0.8027406252629727,31,wallstreetbets,stock market,Reddit (Sample),0.0,neutral
2023-06-13,stock market - what's your take?,What do you think about stock market?,27,0.647912048748268,31,wallstreetbets,stock market,Reddit (Sample),0.0,neutral
2025-05-26,Thoughts on stock market?,Interesting developments in stock market.,58,0.8309172925569991,39,wallstreetbets,stock market,Reddit (Sample),0.0,neutral
2025-01-24,stock market - what's your take?,Looking at the recent stock market data...,98,0.9186315035692544,6,wallstreetbets,stock market,Reddit (Sample),0.0,neutral
2024-07-11,stock market - what's your take?,Looking at the recent stock market data...,30,0.7303349149167446,43,wallstreetbets,stock market,Reddit (Sample),0.0,neutral
2024-09-01,Market update: stock market,Your thoughts on stock market?,16,0.7010136084441203,39,wallstreetbets,stock market,Reddit (Sample),0.0,neutral
2025-02-06,Thoughts on stock market?,Interesting developments in stock market.,86,0.5068170119529107,34,wallstreetbets,stock market,Reddit (Sample),0.0,neutral
2025-02-23,stock market - what's your take?,Interesting developments in stock market.,99,0.5064487348947627,22,wallstreetbets,stock market,Reddit (Sample),0.0,neutral
2023-09-08,economy - what's your take?,Interesting developments in economy.,-6,0.7572306638699471,5,wallstreetbets,economy,Reddit (Sample),0.0,neutral
2024-05-25,Discussion: economy trends,What do you think about economy?,34,0.9944177656945823,26,wallstreetbets,economy,Reddit (Sample),0.0,neutral
2024-08-23,Discussion: economy trends,Analysis of economy market conditions.,33,0.5483224171438761,10,wallstreetbets,economy,Reddit (Sample),0.0,neutral
2024-07-19,Thoughts on economy?,Your thoughts on economy?,43,0.9368092643686077,34,wallstreetbets,economy,Reddit (Sample),0.0,neutral
2024-06-15,Thoughts on economy?,Looking at the recent economy data...,47,0.7382306356196997,0,wallstreetbets,economy,Reddit (Sample),0.0,neutral
2025-04-28,Analysis of economy performance,Your thoughts on economy?,73,0.8410958446275494,28,wallstreetbets,economy,Reddit (Sample),0.0,neutral
2023-04-22,Thoughts on economy?,Looking at the recent economy data...,-8,0.8692529392552594,4,wallstreetbets,economy,Reddit (Sample),0.0,neutral
2024-04-19,economy - what's your take?,Analysis of economy market conditions.,73,0.8503057481972258,8,wallstreetbets,economy,Reddit (Sample),0.0,neutral
2024-11-09,economy - what's your take?,Interesting developments in economy.,8,0.8651245947647856,44,wallstreetbets,economy,Reddit (Sample),0.0,neutral
2023-06-20,Market update: economy,Your thoughts on economy?,49,0.8837494152953527,27,wallstreetbets,economy,Reddit (Sample),0.0,neutral
2023-02-21,Market update: economy,Your thoughts on economy?,75,0.6162706658104276,7,wallstreetbets,economy,Reddit (Sample),0.0,neutral
2023-07-19,Analysis of economy performance,What do you think about economy?,15,0.6490378252624114,12,wallstreetbets,economy,Reddit (Sample),0.0,neutral
2023-05-17,GDP - what's your take?,Interesting developments in GDP.,28,0.9877365141570109,14,wallstreetbets,GDP,Reddit (Sample),0.0,neutral
2024-03-14,Thoughts on GDP?,What do you think about GDP?,31,0.9100337510278247,37,wallstreetbets,GDP,Reddit (Sample),0.0,neutral
2024-09-01,Thoughts on GDP?,Interesting developments in GDP.,53,0.6995833972555098,37,wallstreetbets,GDP,Reddit (Sample),0.0,neutral
2024-01-04,Analysis of GDP performance,Analysis of GDP market conditions.,54,0.988515838272588,7,wallstreetbets,GDP,Reddit (Sample),0.0,neutral
2024-03-18,GDP - what's your take?,Interesting developments in GDP.,92,0.7330907955637784,24,wallstreetbets,GDP,Reddit (Sample),0.0,neutral
2024-10-27,GDP - what's your take?,Interesting developments in GDP.,40,0.9556695950393154,45,wallstreetbets,GDP,Reddit (Sample),0.0,neutral
2025-03-31,Discussion: GDP trends,Your thoughts on GDP?,78,0.9166021782983371,3,wallstreetbets,GDP,Reddit (Sample),0.0,neutral
2023-03-16,Discussion: GDP trends,What do you think about GDP?,0,0.685012262071408,40,wallstreetbets,GDP,Reddit (Sample),0.0,neutral
2023-08-03,Market update: GDP,What do you think about GDP?,17,0.789865583067096,25,wallstreetbets,GDP,Reddit (Sample),0.0,neutral
2023-02-23,Market update: GDP,Interesting developments in GDP.,86,0.7529658271597792,13,wallstreetbets,GDP,Reddit (Sample),0.0,neutral
2024-06-30,GDP - what's your take?,Looking at the recent GDP data...,56,0.725869737990722,29,wallstreetbets,GDP,Reddit (Sample),0.0,neutral
2024-05-14,Market update: GDP,Your thoughts on GDP?,68,0.726043298405683,24,wallstreetbets,GDP,Reddit (Sample),0.0,neutral
2023-12-24,Analysis of GDP performance,Interesting developments in GDP.,36,0.808214088685935,37,wallstreetbets,GDP,Reddit (Sample),0.0,neutral
2023-11-16,Discussion: GDP trends,What do you think about GDP?,-4,0.8243826930796929,17,wallstreetbets,GDP,Reddit (Sample),0.0,neutral
2023-06-18,Analysis of GDP performance,What do you think about GDP?,46,0.8009033669727237,49,wallstreetbets,GDP,Reddit (Sample),0.0,neutral
2025-01-11,Thoughts on GDP?,Analysis of GDP market conditions.,22,0.5634120112752095,33,wallstreetbets,GDP,Reddit (Sample),0.0,neutral
2024-10-05,Thoughts on employment?,What do you think about employment?,-7,0.7761830689086171,29,wallstreetbets,employment,Reddit (Sample),0.0,neutral
2023-06-27,Discussion: employment trends,Your thoughts on employment?,24,0.5582389248366686,23,wallstreetbets,employment,Reddit (Sample),0.0,neutral
2023-10-19,Analysis of employment performance,Analysis of employment market conditions.,32,0.7829252801566233,13,wallstreetbets,employment,Reddit (Sample),0.0,neutral
2024-01-12,Analysis of employment performance,Analysis of employment market conditions.,18,0.57173472850901,46,wallstreetbets,employment,Reddit (Sample),0.0,neutral
2025-02-01,Thoughts on employment?,Analysis of employment market conditions.,26,0.5403077025848009,47,wallstreetbets,employment,Reddit (Sample),0.0,neutral
2023-02-08,Discussion: employment trends,Analysis of employment market conditions.,19,0.5400933784060566,10,wallstreetbets,employment,Reddit (Sample),0.0,neutral
2023-03-07,employment - what's your take?,Analysis of employment market conditions.,83,0.6798970467726497,25,wallstreetbets,employment,Reddit (Sample),0.0,neutral
2024-11-23,Market update: employment,Looking at the recent employment data...,47,0.9938747695495942,25,wallstreetbets,employment,Reddit (Sample),0.0,neutral
